ID,Station Name,Address,Total Docks,Docks in Service,Status,Latitude,Longitude,Location
622,California Ave & Cortez St,California Ave & Cortez St,15,15,In Service,41.900363,-87.696704,"(41.900363, -87.696704)"
14,Morgan St & 18th St,962 W. 18th St,15,15,In Service,41.858086,-87.651073,"(41.858086, -87.651073)"
398,Rainbow Beach,Rainbow Beach,15,15,In Service,41.757871448,-87.54938625,"(41.75787144829, -87.54938625)"
6,Dusable Harbor,Dusable Harbor,39,39,In Service,41.885041,-87.612794,"(41.885041, -87.612794)"
626,Delano Ct & Roosevelt Rd,Delano Ct & Roosevelt Rd,19,19,In Service,41.867491,-87.63219,"(41.867491, -87.63219)"
625,Chicago Ave & Dempster St,Chicago Ave & Dempster St,15,15,In Service,42.041691,-87.680687,"(42.041691, -87.680687)"
624,Dearborn St & Van Buren St (*),417 S Dearborn St,16,16,In Service,41.876268,-87.629155,"(41.876268, -87.629155)"
623,Michigan Ave & 8th St,Michigan Ave & 8th St,31,31,In Service,41.872773,-87.623981,"(41.872773, -87.623981)"
59,Wabash Ave & Roosevelt Rd,1210 S Wabash Ave,23,23,In Service,41.867227,-87.625961,"(41.867227, -87.625961)"
73,Jefferson St & Monroe St,207 S Jefferson St,19,19,In Service,41.880422,-87.642746,"(41.880422, -87.642746)"
106,State St & Pearson St,State St & Pearson St,27,27,In Service,41.897448,-87.628722,"(41.897448, -87.628722)"
532,Austin Blvd & Lake St,Austin Blvd & Lake St,15,15,In Service,41.887919,-87.774446,"(41.887919, -87.774446)"
392,Perry Ave & 69th St,Perry Ave & 69th St,11,11,In Service,41.76929309,-87.628195929,"(41.76929308995, -87.6281959291)"
193,State St & 29th St,State St & 29th St,15,15,In Service,41.841707,-87.626938,"(41.841707, -87.626938)"
366,Loomis St & Archer Ave,Loomis St & Archer Ave,15,15,In Service,41.84163254,-87.657434953,"(41.84163253965, -87.6574349533)"
514,Ridge Blvd & Howard St,Ridge Blvd & Howard St,15,15,In Service,42.019276,-87.68452,"(42.019276, -87.68452)"
11,Jeffery Blvd & 71st St,Jeffery Blvd & 71st St,11,11,In Service,41.766638237,-87.576450114,"(41.76663823695, -87.5764501141)"
435,Kedzie Ave & Roosevelt Rd,Kedzie Ave & Roosevelt Rd,15,15,In Service,41.866492782,-87.706496176,"(41.86649278172, -87.7064961757)"
32,Racine Ave & Congress Pkwy,550 S. Racine,19,19,In Service,41.87464,-87.65703,"(41.87464, -87.65703)"
308,Seeley Ave & Roscoe St,Seeley Ave & Roscoe St,11,11,In Service,41.943403,-87.679618,"(41.943403, -87.679618)"
319,Greenview Ave & Diversey Pkwy,Greenview Ave & Diversey Pkwy,15,15,In Service,41.932595,-87.665939,"(41.932595, -87.665939)"
99,Lake Shore Dr & Ohio St,Lake Shore Dr & Ohio St,19,19,In Service,41.89257,-87.614492,"(41.89257, -87.614492)"
214,Damen Ave & Grand Ave,Damen Ave & Grand Ave,23,23,In Service,41.89122,-87.67686,"(41.89122, -87.67686)"
97,Field Museum,Off Street,55,54,In Service,41.865312,-87.617867,"(41.865312, -87.617867)"
137,Morgan Ave & 14th Pl,Morgan Ave & 14th Pl,15,15,In Service,41.862378,-87.651062,"(41.862378, -87.651062)"
586,MLK Jr Dr & 83rd St,MLK Jr Dr & 83rd St,11,11,In Service,41.743116,-87.6148,"(41.743116, -87.6148)"
429,Cottage Grove Ave & 67th St,Cottage Grove Ave & 67th St,11,11,In Service,41.773720952,-87.60563486,"(41.77372095205, -87.60563486)"
563,Ashland Ave & 63rd St,Ashland Ave & 63rd St,15,15,In Service,41.779374,-87.664843,"(41.779374, -87.664843)"
3,Shedd Aquarium,Shedd Aquarium,55,55,In Service,41.867225957,-87.61535539,"(41.86722595682, -87.6153553902)"
108,Halsted St & Polk St,Halsted St & Polk St,19,19,In Service,41.87184,-87.64664,"(41.87184, -87.64664)"
85,Michigan Ave & Oak St,140 E Oak St,23,23,In Service,41.90096039,-87.62377664,"(41.90096039, -87.62377664)"
537,Kenton Ave & Madison St,Kenton Ave & Madison St,15,15,In Service,41.880708,-87.741018,"(41.880708, -87.741018)"
94,Clark St & Armitage Ave,Clark St & Armitage Ave,31,31,In Service,41.918306,-87.636282,"(41.918306, -87.636282)"
350,Ashland Ave & Chicago Ave,Ashland Ave & Chicago Ave,15,15,In Service,41.895966,-87.667747,"(41.895966, -87.667747)"
27,Larrabee St & North Ave,1530 N.Larrabee st,19,19,In Service,41.91021,-87.6435,"(41.91021, -87.6435)"
491,Talman Ave & Addison St,Talman Ave & Addison St,15,15,In Service,41.946635831,-87.694614758,"(41.9466358306, -87.694614758)"
285,Wood St & Hubbard St,Off Street,19,19,In Service,41.889587,-87.671956,"(41.889587, -87.671956)"
587,Wabash Ave & 83rd St,Wabash Ave & 83rd St,11,11,In Service,41.743316,-87.622849,"(41.743316, -87.622849)"
529,Cicero Ave & Lake St,Cicero Ave & Lake St,15,15,In Service,41.886841,-87.745261,"(41.886841, -87.745261)"
28,Larrabee St & Menomonee St,590 W. Menomonee,15,15,In Service,41.91468,-87.64332,"(41.91468, -87.64332)"
568,Normal Ave & 72nd St,Normal Ave & 72nd St,11,11,In Service,41.763462,-87.637297,"(41.763462, -87.637297)"
502,California Ave & Altgeld St,California Ave & Altgeld St,15,15,In Service,41.92669,-87.697668,"(41.92669, -87.697668)"
476,Kedzie Ave & Leland Ave,Kedzie Ave & Leland Ave,15,15,In Service,41.966686362,-87.708051981,"(41.96668636205, -87.7080519806)"
536,Kostner Ave & Lake St,Kostner Ave & Lake St,15,15,In Service,41.885928,-87.73541,"(41.885928, -87.73541)"
530,Laramie Ave & Kinzie St,Laramie Ave & Kinzie St,15,15,In Service,41.887832,-87.755527,"(41.887832, -87.755527)"
114,Sheffield Ave & Waveland Ave,Sheffield Ave & Waveland Ave,27,27,In Service,41.949399,-87.654529,"(41.949399, -87.654529)"
115,Sheffield Ave & Wellington Ave,Sheffield Ave & Wellington Ave,23,22,In Service,41.936266,-87.652662,"(41.936266, -87.652662)"
132,Wentworth Ave & 24th St,Wentworth Ave & 24th St,15,15,In Service,41.849237,-87.631715,"(41.849237, -87.631715)"
570,Evans Ave & 75th St,Evans Ave & 75th St,11,11,In Service,41.758308,-87.606685,"(41.758308, -87.606685)"
534,Pulaski Rd & Madison St,Pulaski Rd & Madison St,15,15,In Service,41.880827,-87.726279,"(41.880827, -87.726279)"
160,Campbell Ave & North Ave,Campbell Ave & North Ave,15,15,In Service,41.910535,-87.689556,"(41.910535, -87.689556)"
541,Central Ave & Harrison St,Central Ave & Harrison St,15,14,In Service,41.872993,-87.764499,"(41.872993, -87.764499)"
167,Damen Ave & Coulter St,Damen Ave & Coulter St,11,11,In Service,41.8492,-87.67564,"(41.8492, -87.67564)"
543,Laramie Ave & Gladys Ave,Laramie Ave & Gladys Ave,15,15,In Service,41.875806,-87.755285,"(41.875806, -87.755285)"
158,Milwaukee Ave & Wabansia Ave,Milwaukee Ave & Wabansia Ave,15,14,In Service,41.912616,-87.681391,"(41.912616, -87.681391)"
539,Cicero Ave & Quincy St,Cicero Ave & Quincy St,15,15,In Service,41.877613,-87.745405,"(41.877613, -87.745405)"
540,Laramie Ave & Madison St,Laramie Ave & Madison St,15,15,In Service,41.880207,-87.755337,"(41.880207, -87.755337)"
542,Central Ave & Madison St,Central Ave & Madison St,15,15,In Service,41.880121,-87.763238,"(41.880121, -87.763238)"
171,May St & Cullerton St,May St & Cullerton St,11,11,In Service,41.855136,-87.654127,"(41.855136, -87.654127)"
204,Prairie Ave & Garfield Blvd,Prairie Ave & Garfield Blvd,11,11,In Service,41.794853,-87.618691,"(41.794853, -87.618691)"
192,Canal St & Adams St,Canal St & Adams St,47,47,In Service,41.879255,-87.639904,"(41.879255, -87.639904)"
203,Western Ave & 21st St,Western Ave & 21st St,15,15,In Service,41.854109,-87.685838,"(41.854109, -87.685838)"
201,Indiana Ave & 40th St,Indiana Ave & 40th St,15,14,In Service,41.82168,-87.6216,"(41.82168, -87.6216)"
198,Green St & Madison St,Green St & Madison St,19,19,In Service,41.881892,-87.648789,"(41.881892, -87.648789)"
200,MLK Jr Dr & 47th St,MLK Jr Dr & 47th St,11,11,In Service,41.809851,-87.616279,"(41.809851, -87.616279)"
206,Halsted St & Archer Ave,Halsted St & Archer Ave,15,15,In Service,41.847203,-87.646795,"(41.847203, -87.646795)"
572,State St & 76th St,State St & 76th St,11,11,In Service,41.756971,-87.624621,"(41.756971, -87.624621)"
544,Austin Blvd & Madison St,Austin Blvd & Madison St,15,15,In Service,41.880281,-87.774453,"(41.880281, -87.774453)"
181,LaSalle St & Illinois St,On Street,31,31,In Service,41.890762,-87.631697,"(41.890762, -87.631697)"
215,Damen Ave & Madison St,Damen Ave & Madison St,15,14,In Service,41.88137,-87.67493,"(41.88137, -87.67493)"
233,Sangamon St & Washington Blvd (*),Sangamon St & Washington Blvd (*),16,16,In Service,41.883004,-87.651148,"(41.883004, -87.651148)"
174,Canal St & Madison St,Canal St & Madison St,35,35,In Service,41.882091,-87.639833,"(41.882091, -87.639833)"
127,Lincoln Ave & Fullerton Ave,Lincoln Ave & Fullerton Ave,15,14,In Service,41.925905,-87.64926,"(41.925905, -87.64926)"
280,Morgan St & 31st St,Morgan St & 31st St,11,11,In Service,41.8378,-87.65114,"(41.8378, -87.65114)"
278,Wallace St & 35th St,On Street,15,15,In Service,41.830629,-87.64129,"(41.830629, -87.64129)"
186,Ogden Ave & Race Ave,Ogden Ave & Race Ave,15,14,In Service,41.891795,-87.658751,"(41.891795, -87.658751)"
281,Western Ave & 24th St,Western Ave & 24th St,11,11,In Service,41.84847,-87.685109,"(41.84847, -87.685109)"
217,Racine Ave (May St) & Fulton St,Racine Ave (May St) & Fulton St,15,15,In Service,41.886926,-87.656919,"(41.886926, -87.656919)"
271,Cottage Grove Ave & 43rd St,Cottage Grove Ave & 43rd St,11,10,In Service,41.816499,-87.606582,"(41.816499, -87.606582)"
274,Racine Ave & 15th St,Racine Ave & 15th St,15,15,In Service,41.861267,-87.656625,"(41.861267, -87.656625)"
270,Stony Island Ave & 75th St,Stony Island Ave & 75th St,11,11,In Service,41.75866967,-87.586882871,"(41.7586696704, -87.586882871)"
282,Halsted St & Maxwell St,Halsted St & Maxwell St,15,15,In Service,41.864883,-87.647071,"(41.864883, -87.647071)"
405,Wentworth Ave & 35th St,Wentworth Ave & 35th St,15,15,In Service,41.830777,-87.632504,"(41.830777, -87.632504)"
321,Wabash Ave & 9th St,Wabash Ave & 9th St,19,19,In Service,41.870769,-87.625734,"(41.870769, -87.625734)"
589,Milwaukee Ave & Cuyler Ave,Milwaukee Ave & Cuyler Ave,15,15,In Service,41.954468,-87.749594,"(41.954468, -87.749594)"
335,Calumet Ave & 35th St,Calumet Ave & 35th St,15,15,In Service,41.831379,-87.618034,"(41.831379, -87.618034)"
369,Wood St & 35th St,NA1,11,11,In Service,41.830104654,-87.670298309,"(41.83010465416, -87.6702983089)"
333,Ashland Ave & Blackhawk St,Ashland Ave & Blackhawk St,15,15,In Service,41.907066,-87.667252,"(41.907066, -87.667252)"
342,Wolcott Ave & Polk St,Wolcott Ave & Polk St,15,14,In Service,41.871262,-87.673688,"(41.871262, -87.673688)"
61,Wood St & Milwaukee Ave,1416 N Wood St,19,19,In Service,41.907655,-87.672552,"(41.907655, -87.672552)"
355,South Shore Dr & 67th St,South Shore Dr & 67th St,19,19,In Service,41.773643,-87.567514,"(41.773643, -87.567514)"
385,Princeton Ave & Garfield Blvd,Princeton Ave & Garfield Blvd,11,11,In Service,41.794982,-87.633124,"(41.794982, -87.633124)"
535,Pulaski Rd & Congress Pkwy,Pulaski Rd & Congress Pkwy,15,15,In Service,41.874325,-87.725704,"(41.874325, -87.725704)"
383,Ashland Ave & Harrison St,Ashland Ave & Harrison St,23,23,In Service,41.874293,-87.667284,"(41.874293, -87.667284)"
545,Kostner Ave & Adams St,Kostner Ave & Adams St,15,15,In Service,41.877917,-87.735737,"(41.877917, -87.735737)"
391,Halsted St & 69th St,Halsted St & 69th St,11,11,In Service,41.76906172,-87.644613578,"(41.76906172032, -87.6446135779)"
430,MLK Jr Dr & 63rd St,MLK Jr Dr & 63rd St,15,15,In Service,41.780080637,-87.615942857,"(41.78008063659, -87.6159428567)"
95,Stony Island Ave & 64th St,Stony Island Ave & 64th St,15,15,In Service,41.778700571,-87.586787618,"(41.77870057128, -87.5867876179)"
421,MLK Jr Dr & 56th St (*),MLK Jr Dr & 56th St (*),12,12,In Service,41.793429457,-87.615853262,"(41.79342945658, -87.6158532619)"
388,Halsted St & 63rd St,Halsted St & 63rd St,15,15,In Service,41.779381142,-87.644620815,"(41.77938114228, -87.6446208145)"
401,Shields Ave & 28th Pl,Shields Ave & 28th Pl,11,11,In Service,41.842733,-87.635491,"(41.842733, -87.635491)"
406,Lake Park Ave & 35th St,Lake Park Ave & 35th St,19,19,In Service,41.831274235,-87.608799195,"(41.83127423549, -87.6087991946)"
416,Dorchester Ave & 49th St,Dorchester Ave & 49th St,15,15,In Service,41.805772,-87.592464,"(41.805772, -87.592464)"
374,Western Ave & Walton St,Western Ave & Walton St,19,19,In Service,41.898417689,-87.686596016,"(41.89841768945, -87.6865960164)"
426,Ellis Ave & 60th St,Ellis Ave & 60th St,19,18,In Service,41.785097146,-87.601072761,"(41.78509714636, -87.6010727606)"
427,Cottage Grove Ave & 63rd St,Cottage Grove Ave & 63rd St,19,19,In Service,41.780599015,-87.606112388,"(41.78059901484, -87.606112388)"
488,Pulaski Rd & Eddy St,Pulaski Rd & Eddy St,11,11,In Service,41.945636441,-87.727736814,"(41.94563644092, -87.7277368138)"
365,Halsted St & North Branch St,Halsted St & North Branch St,15,15,In Service,41.899368439,-87.648479875,"(41.89936843921, -87.6484798752)"
550,Central Ave & Chicago Ave,Central Ave & Chicago Ave,11,11,In Service,41.894958,-87.764902,"(41.894958, -87.764902)"
454,Broadway & Granville Ave,Broadway & Granville Ave,15,14,In Service,41.994779688,-87.660284535,"(41.9947796884, -87.6602845349)"
470,Kedzie Ave & Foster Ave,Kedzie Ave & Foster Ave,15,14,In Service,41.975672,-87.709261,"(41.975672, -87.709261)"
469,St. Louis Ave & Balmoral Ave,St. Louis Ave & Balmoral Ave,15,15,In Service,41.980394235,-87.716114961,"(41.98039423475, -87.7161149615)"
452,Western Ave & Granville Ave,Western Ave & Granville Ave,15,15,In Service,41.994161369,-87.689438282,"(41.99416136902, -87.689438282)"
569,Woodlawn Ave & 75th St,Woodlawn Ave & 75th St,15,15,In Service,41.75916,-87.595751,"(41.75916, -87.595751)"
292,Southport Ave & Clark St,Southport Ave & Clark St,11,11,In Service,41.957081,-87.664199,"(41.957081, -87.664199)"
122,Ogden Ave & Congress Pkwy,Ogden Ave & Congress Pkwy,15,15,In Service,41.87501,-87.67328,"(41.87501, -87.67328)"
399,South Shore Dr & 74th St,South Shore Dr & 74th St,11,11,In Service,41.76218896,-87.55927465,"(41.76218896038, -87.55927465)"
124,Damen Ave & Cullerton St,Damen Ave & Cullerton St,15,15,In Service,41.855048,-87.675726,"(41.855048, -87.675726)"
492,Leavitt St & Addison St,Leavitt St & Addison St,15,15,In Service,41.946655,-87.683359,"(41.946655, -87.683359)"
131,Lincoln Ave & Belmont Ave,Lincoln Ave & Belmont Ave,15,15,In Service,41.939365,-87.668385,"(41.939365, -87.668385)"
119,Ashland Ave & Lake St,Ashland Ave & Lake St,19,19,In Service,41.88541,-87.66732,"(41.88541, -87.66732)"
494,Kedzie Ave & Bryn Mawr Ave,Kedzie Ave & Bryn Mawr Ave,15,14,In Service,41.982397085,-87.70892252,"(41.98239708485, -87.7089225202)"
595,Wabash Ave & 87th St,Wabash Ave & 87th St,15,15,In Service,41.736646,-87.622634,"(41.736646, -87.622634)"
500,Central Park Ave & Elbridge Ave,Central Park Ave & Elbridge Ave,15,15,In Service,41.935337283,-87.716889294,"(41.93533728263, -87.7168892935)"
459,Lakefront Trail & Bryn Mawr Ave,Lakefront Trail & Bryn Mawr Ave,19,19,In Service,41.984036696,-87.652310469,"(41.98403669612, -87.6523104689)"
577,Stony Island Ave & South Chicago Ave,Stony Island Ave & South Chicago Ave,11,11,In Service,41.751173,-87.585337,"(41.751173, -87.585337)"
466,Ridge Blvd & Touhy Ave,Ridge Blvd & Touhy Ave,15,15,In Service,42.012132277,-87.682912644,"(42.01213227742, -87.6829126443)"
136,Racine Ave & 13th St,Racine Ave & 13th St,15,15,In Service,41.865054,-87.656959,"(41.865054, -87.656959)"
571,Vernon Ave & 75th St,Vernon Ave & 75th St,11,10,In Service,41.758361,-87.614138,"(41.758361, -87.614138)"
133,Kingsbury St & Kinzie St,Kingsbury St & Kinzie St,31,28,In Service,41.889176833,-87.638505772,"(41.88917683258, -87.6385057718)"
164,Franklin St & Lake St,Franklin St & Lake St,27,26,In Service,41.885837,-87.6355,"(41.885837, -87.6355)"
126,Clark St & North Ave,Clark St & North Ave,15,15,In Service,41.911974,-87.631942,"(41.911974, -87.631942)"
481,California Ave & Montrose Ave,California Ave & Montrose Ave,15,15,In Service,41.961068,-87.695439,"(41.961068, -87.695439)"
509,Troy St & North Ave,Troy St & North Ave,15,15,In Service,41.909769302,-87.705280487,"(41.90976930169, -87.7052804871)"
547,Ashland Ave & Pershing Rd,Ashland Ave & Pershing Rd,11,11,In Service,41.823465,-87.665577,"(41.823465, -87.665577)"
323,Sheridan Rd & Lawrence Ave,Sheridan Rd & Lawrence Ave,15,15,In Service,41.969517,-87.654691,"(41.969517, -87.654691)"
184,State St & 35th St,State St & 35th St,19,17,In Service,41.83104,-87.62688,"(41.83104, -87.62688)"
316,Damen Ave & Sunnyside Ave,Damen Ave & Sunnyside Ave,19,18,In Service,41.96325,-87.679258,"(41.96325, -87.679258)"
579,Phillips Ave & 79th St,Phillips Ave & 79th St,11,11,In Service,41.75182,-87.565211,"(41.75182, -87.565211)"
418,Ellis Ave & 53rd St,Ellis Ave & 53rd St,11,11,In Service,41.799336263,-87.600958115,"(41.79933626261, -87.6009581145)"
504,Campbell Ave & Fullerton Ave,Campbell Ave & Fullerton Ave,15,15,In Service,41.924632472,-87.689307006,"(41.92463247165, -87.6893070063)"
356,Stony Island Ave & 71st St,Stony Island Ave & 71st St,11,11,In Service,41.766492937,-87.586460878,"(41.7664929373, -87.5864608775)"
575,Cottage Grove Ave & 78th St,Cottage Grove Ave & 78th St,11,11,In Service,41.753174,-87.605026,"(41.753174, -87.605026)"
393,Calumet Ave & 71st St,Calumet Ave & 71st St,11,11,In Service,41.765508006,-87.616917925,"(41.76550800581, -87.616917925)"
134,Peoria St & Jackson Blvd,Peoria St & Jackson Blvd,19,19,In Service,41.877749,-87.649633,"(41.877749, -87.649633)"
576,Greenwood Ave & 79th St,Greenwood Ave & 79th St,15,15,In Service,41.751294,-87.597552,"(41.751294, -87.597552)"
620,Orleans St & Chestnut St (NEXT Apts),Orleans St & Chestnut St (NEXT Apts),15,15,In Service,41.898203,-87.637536,"(41.898203, -87.637536)"
456,2112 W Peterson Ave,2112 W Peterson Ave,15,15,In Service,41.991178,-87.683593,"(41.991178, -87.683593)"
248,Woodlawn Ave & 55th St,Woodlawn Ave & 55th St,19,19,In Service,41.795264,-87.596471,"(41.795264, -87.596471)"
390,Wentworth Ave & 63rd St,Wentworth Ave & 63rd St,11,11,In Service,41.780079633,-87.629746305,"(41.78007963264, -87.6297463052)"
528,Pulaski Rd & Lake St,Pulaski Rd & Lake St,14,14,In Service,41.885409,-87.726491,"(41.885409, -87.726491)"
223,Clifton Ave & Armitage Ave,Clifton Ave & Armitage Ave,15,15,In Service,41.918216,-87.656936,"(41.918216, -87.656936)"
619,Keystone Ave & Fullerton Ave,Keystone Ave & Fullerton Ave,15,15,In Service,41.924361,-87.727752,"(41.924361, -87.727752)"
20,Sheffield Ave & Kingsbury St,Sheffield Ave & Kingsbury St,15,15,In Service,41.910522,-87.653106,"(41.910522, -87.653106)"
231,Sheridan Rd & Montrose Ave,Sheridan Rd & Montrose Ave,23,22,In Service,41.96167,-87.65464,"(41.96167, -87.65464)"
553,Elizabeth St & 47th St,Elizabeth St & 47th St,11,11,In Service,41.80839,-87.656526,"(41.80839, -87.656526)"
272,Indiana Ave & 31st St,Indiana Ave & 31st St,11,11,In Service,41.838842,-87.621857,"(41.838842, -87.621857)"
301,Clark St & Schiller St,Clark St & Schiller St,19,19,In Service,41.907993,-87.631501,"(41.907993, -87.631501)"
395,Jeffery Blvd & 76th St,Jeffery Blvd & 76th St,11,11,In Service,41.757120068,-87.575839359,"(41.75712006802, -87.5758393587)"
555,Ashland Ave & 50th St,Ashland Ave & 50th St,11,11,In Service,41.803023,-87.664699,"(41.803023, -87.664699)"
117,Wilton Ave & Belmont Ave,Wilton Ave & Belmont Ave,23,23,In Service,41.94018,-87.65304,"(41.94018, -87.65304)"
556,Throop St & 52nd St,Throop St & 52nd St,11,11,In Service,41.799659,-87.657195,"(41.799659, -87.657195)"
12,South Shore Dr & 71st St,MLSW,15,15,In Service,41.766409457,-87.565687572,"(41.7664094567, -87.5656875719)"
118,Sedgwick St & North Ave,Sedgwick St & North Ave,19,19,In Service,41.911386,-87.638677,"(41.911386, -87.638677)"
286,Franklin St & Quincy St,Franklin St & Quincy St,23,22,In Service,41.878724,-87.634793,"(41.878724, -87.634793)"
551,Hoyne Ave & 47th St,Hoyne Ave & 47th St,11,11,In Service,41.808227,-87.67718,"(41.808227, -87.67718)"
584,Ellis Ave & 83rd St,Ellis Ave & 83rd St,15,15,In Service,41.744123,-87.599034,"(41.744123, -87.599034)"
594,Western Blvd & 48th Pl,Western Blvd & 48th Pl,15,15,In Service,41.805661,-87.683392,"(41.805661, -87.683392)"
585,Cottage Grove Ave & 83rd St,Cottage Grove Ave & 83rd St,11,11,In Service,41.744053,-87.604786,"(41.744053, -87.604786)"
409,Shields Ave & 43rd St,Shields Ave & 43rd St,11,11,In Service,41.816207679,-87.63481935,"(41.81620767856, -87.6348193497)"
583,Stony Island Ave & 82nd St,Stony Island Ave & 82nd St,11,11,In Service,41.746559,-87.586005,"(41.746559, -87.586005)"
396,Yates Blvd & 75th St,Yates Blvd & 75th St,11,11,In Service,41.758768,-87.56644,"(41.758768, -87.56644)"
109,900 W Harrison St,900 W Harrison St,19,19,In Service,41.874754,-87.649807,"(41.874754, -87.649807)"
410,Prairie Ave & 43rd St,Prairie Ave & 43rd St,15,15,In Service,41.816658893,-87.619412462,"(41.81665889302, -87.6194124619)"
412,Princeton Ave & 47th St,Princeton Ave & 47th St,11,11,In Service,41.809317709,-87.633449288,"(41.80931770924, -87.633449288)"
103,Clinton St & Polk St (*),Clinton St & Polk St (*),16,15,In Service,41.871466518,-87.640949133,"(41.87146651779, -87.6409491327)"
101,63rd St Beach,63rd St Beach,23,23,In Service,41.781016372,-87.57611976,"(41.78101637196, -87.5761197602)"
309,Leavitt St & Armitage Ave,Leavitt St & Armitage Ave,11,11,In Service,41.917805,-87.682437,"(41.917805, -87.682437)"
113,Bissell St & Armitage Ave,Bissell St & Armitage Ave,15,15,In Service,41.91844,-87.65222,"(41.91844, -87.65222)"
415,Calumet Ave & 51st St,Calumet Ave & 51st St,15,15,In Service,41.802294651,-87.61805358,"(41.80229465088, -87.6180535802)"
110,Dearborn St & Erie St,Dearborn St & Erie St,23,23,In Service,41.893992,-87.629318,"(41.893992, -87.629318)"
121,Blackstone Ave & Hyde Park Blvd,Blackstone Ave & Hyde Park Blvd,19,18,In Service,41.802562,-87.590368,"(41.802562, -87.590368)"
411,Halsted St & 47th Pl,Halsted St & 47th Pl,11,11,In Service,41.808133915,-87.645616554,"(41.80813391481, -87.6456165545)"
31,Franklin St & Chicago Ave,805 N. Franklin St,23,23,In Service,41.896776,-87.635633,"(41.896776, -87.635633)"
588,South Chicago Ave & 83rd St,South Chicago Ave & 83rd St,11,11,In Service,41.743921,-87.575225,"(41.743921, -87.575225)"
336,Cottage Grove Ave & 47th St,Off Street,15,15,In Service,41.809855,-87.606755,"(41.809855, -87.606755)"
129,Blue Island Ave & 18th St,Blue Island Ave & 18th St,15,15,In Service,41.857556,-87.661535,"(41.857556, -87.661535)"
130,Damen Ave & Division St,Damen Ave & Division St,19,19,In Service,41.903266,-87.678435,"(41.903266, -87.678435)"
222,Milwaukee Ave & Rockwell St,Milwaukee Ave & Rockwell St,19,19,In Service,41.920195,-87.693033,"(41.920195, -87.693033)"
143,Sedgwick St & Webster Ave,Sedgwick St & Webster Ave,15,14,In Service,41.922167,-87.638888,"(41.922167, -87.638888)"
135,Halsted St & 21st St,Halsted St & 21st St,11,11,In Service,41.85378,-87.64665,"(41.85378, -87.64665)"
149,Calumet Ave & 33rd St,Calumet Ave & 33rd St,11,11,In Service,41.8349,-87.61793,"(41.8349, -87.61793)"
339,Emerald Ave & 31st St,Emerald Ave & 31st St,11,11,In Service,41.838198,-87.645143,"(41.838198, -87.645143)"
381,Western Ave & Monroe St,Western Ave & Monroe St,15,15,In Service,41.879787709,-87.686112808,"(41.8797877089, -87.686112808)"
480,Albany Ave & Montrose Ave,Albany Ave & Montrose Ave,15,15,In Service,41.961041,-87.705866,"(41.961041, -87.705866)"
150,Fort Dearborn Dr & 31st St,Fort Dearborn Dr & 31st St,27,27,In Service,41.838556,-87.608218,"(41.838556, -87.608218)"
148,State St & 33rd St,State St & 33rd St,15,15,In Service,41.834734,-87.625813,"(41.834734, -87.625813)"
18,Wacker Dr & Washington St,Wacker Dr & Washington St,19,19,In Service,41.883132,-87.637321,"(41.883132, -87.637321)"
205,Paulina St & 18th St,Paulina St & 18th St,15,15,In Service,41.857901,-87.668745,"(41.857901, -87.668745)"
191,Canal St & Monroe St (*),Canal St & Monroe St (*),28,28,In Service,41.880884,-87.639525,"(41.880884, -87.639525)"
175,Wells St & Polk St,Wells St & Polk St,19,19,In Service,41.872596,-87.633502,"(41.872596, -87.633502)"
197,Michigan Ave & Madison St,Michigan Ave & Madison St,19,19,In Service,41.882134,-87.625125,"(41.882134, -87.625125)"
263,Rhodes Ave & 32nd St,Rhodes Ave & 32nd St,11,11,In Service,41.836208,-87.613533,"(41.836208, -87.613533)"
210,Ashland Ave & Division St,Ashland Ave & Division St,19,19,In Service,41.90345,-87.667747,"(41.90345, -87.667747)"
377,Kedzie Ave & Lake St,Kedzie Ave & Lake St,19,19,In Service,41.884603285,-87.706303744,"(41.88460328501, -87.7063037436)"
531,Central Ave & Lake St,Central Ave & Lake St,15,15,In Service,41.887664,-87.765469,"(41.887664, -87.765469)"
170,Clinton St & 18th St,Clinton St & 18th St,15,15,In Service,41.85795,-87.640826,"(41.85795, -87.640826)"
315,Elston Ave & Wabansia Ave,Elston Ave & Wabansia Ave,23,23,In Service,41.912919,-87.664169,"(41.912919, -87.664169)"
178,State St & 19th St,State St & 19th St,15,15,In Service,41.856594,-87.627542,"(41.856594, -87.627542)"
147,Indiana Ave & 26th St,Indiana Ave & 26th St,15,15,In Service,41.845687,-87.622481,"(41.845687, -87.622481)"
431,Eberhart Ave & 61st St,Eberhart Ave & 61st St,11,11,In Service,41.784141693,-87.61330783,"(41.78414169317, -87.6133078304)"
455,Maplewood Ave & Peterson Ave,Maplewood Ave & Peterson Ave,15,15,In Service,41.990236029,-87.69336964,"(41.99023602867, -87.6933696402)"
261,Hermitage Ave & Polk St,Hermitage Ave & Polk St,15,15,In Service,41.871514,-87.669886,"(41.871514, -87.669886)"
439,Kedzie Ave & 21st St,Kedzie Ave & 21st St,11,11,In Service,41.853533632,-87.705073032,"(41.85353363213, -87.7050730318)"
265,Cottage Grove Ave & Oakwood Blvd,Cottage Grove Ave & Oakwood Blvd,15,14,In Service,41.822985,-87.6071,"(41.822985, -87.6071)"
566,Ashland Ave & 69th St,Ashland Ave & 69th St,0,0,Not In Service,41.768726,-87.664069,"(41.768726, -87.664069)"
533,Central Park Blvd & 5th Ave,Central Park Blvd & 5th Ave,15,15,In Service,41.875679,-87.71547,"(41.875679, -87.71547)"
375,Sacramento Blvd & Franklin Blvd,Sacramento Blvd & Franklin Blvd,11,11,In Service,41.889727,-87.70103,"(41.889727, -87.70103)"
590,Kilbourn Ave & Irving Park Rd,Kilbourn Ave & Irving Park Rd,15,15,In Service,41.953733,-87.740569,"(41.953733, -87.740569)"
227,Southport Ave & Waveland Ave,Southport Ave & Waveland Ave,23,23,In Service,41.94815,-87.66394,"(41.94815, -87.66394)"
368,Ashland Ave & Archer Ave,Ashland Ave & Archer Ave,15,15,In Service,41.839208684,-87.665609859,"(41.83920868403, -87.6656098589)"
482,Campbell Ave & Montrose Ave,Campbell Ave & Montrose Ave,15,15,In Service,41.961525933,-87.691165041,"(41.96152593287, -87.6911650414)"
499,Kosciuszko Park,Kosciuszko Park,15,15,In Service,41.930585371,-87.723777364,"(41.93058537138, -87.7237773635)"
37,Dearborn St & Adams St,59 W. Adams St,19,19,In Service,41.879356359,-87.629791036,"(41.8793563587, -87.6297910363)"
212,Orleans St & Ohio St,Orleans St & Ohio St,23,23,In Service,41.892154,-87.636928,"(41.892154, -87.636928)"
22,May St & Taylor St,1134 W. Taylor St,15,15,In Service,41.8694821,-87.6554864,"(41.8694821, -87.6554864)"
55,Halsted St & Roosevelt Rd,850 W Roosevelt Rd,23,22,In Service,41.867324,-87.648625,"(41.867324, -87.648625)"
218,Wells St & 19th St,Wells St & 19th St,11,11,In Service,41.856802,-87.633879,"(41.856802, -87.633879)"
558,Ashland Ave & Garfield Blvd,Ashland Ave & Garfield Blvd,11,11,In Service,41.792822,-87.664429,"(41.792822, -87.664429)"
472,Lincoln Ave & Winona St,Lincoln Ave & Winona St,15,15,In Service,41.974911297,-87.692502559,"(41.97491129677, -87.6925025594)"
446,Western Ave & 28th St,Western Ave & 28th St,11,11,In Service,41.841517708,-87.685131441,"(41.84151770807, -87.6851314409)"
477,Manor Ave & Leland Ave,Manor Ave & Leland Ave,11,10,In Service,41.966317529,-87.701082677,"(41.96631752876, -87.7010826773)"
467,Western Ave & Lunt Ave,Western Ave & Lunt Ave,15,15,In Service,42.008594397,-87.690492239,"(42.0085943972, -87.6904922389)"
560,Marshfield Ave & 59th St,Marshfield Ave & 59th St,11,11,In Service,41.786833,-87.666215,"(41.786833, -87.666215)"
243,Lincoln Ave & Leavitt St,Lincoln Ave & Leavitt St,15,15,In Service,41.962391,-87.684146,"(41.962391, -87.684146)"
498,California Ave & Fletcher St,California Ave & Fletcher St,19,19,In Service,41.938428791,-87.698007756,"(41.93842879148, -87.698007756)"
237,MLK Jr Dr & 29th St,MLK Jr Dr & 29th St,15,15,In Service,41.842052,-87.617,"(41.842052, -87.617)"
557,Seeley Ave & Garfield Blvd,Seeley Ave & Garfield Blvd,11,11,In Service,41.794087,-87.675478,"(41.794087, -87.675478)"
559,Racine Ave & Garfield Blvd,Racine Ave & Garfield Blvd,11,11,In Service,41.794228,-87.655073,"(41.794228, -87.655073)"
562,Racine Ave & 61st St,Racine Ave & 61st St,11,11,In Service,41.783189,-87.654372,"(41.783189, -87.654372)"
495,Keystone Ave & Montrose Ave,Keystone Ave & Montrose Ave,15,15,In Service,41.961108016,-87.728970101,"(41.96110801623, -87.7289701012)"
246,Ashland Ave & Belle Plaine Ave,Ashland Ave & Belle Plaine Ave,11,11,In Service,41.956061,-87.668869,"(41.956061, -87.668869)"
438,Central Park Ave & Ogden Ave,Central Park Ave & Ogden Ave,15,15,In Service,41.854204313,-87.715405838,"(41.85420431327, -87.7154058381)"
445,California Ave & 26th St,California Ave & 26th St,11,11,In Service,41.844040031,-87.695295923,"(41.84404003127, -87.6952959227)"
370,Calumet Ave & 21st St,Calumet Ave & 21st St,15,15,In Service,41.854184249,-87.619153741,"(41.85418424947, -87.6191537415)"
256,Broadway & Sheridan Rd,Broadway & Sheridan Rd,15,15,In Service,41.952833,-87.649993,"(41.952833, -87.649993)"
414,Canal St & Taylor St,Canal St & Taylor St,15,15,In Service,41.870257,-87.639474,"(41.870257, -87.639474)"
253,Winthrop Ave & Lawrence Ave,Winthrop Ave & Lawrence Ave,15,15,In Service,41.968812,-87.657659,"(41.968812, -87.657659)"
247,Shore Dr & 55th St,Shore Dr & 55th St,19,19,In Service,41.795212,-87.580715,"(41.795212, -87.580715)"
288,Larrabee St & Armitage Ave,Off Street,11,11,In Service,41.918084,-87.643749,"(41.918084, -87.643749)"
443,Millard Ave & 26th St,Millard Ave & 26th St,11,11,In Service,41.844566849,-87.715910308,"(41.84456684891, -87.7159103081)"
441,Kedzie Ave & 24th St,Kedzie Ave & 24th St,11,11,In Service,41.848190945,-87.705413746,"(41.84819094491, -87.7054137458)"
262,Halsted St & 37th St,On Street,11,11,In Service,41.827059,-87.64572,"(41.827059, -87.64572)"
493,Oakley Ave & Roscoe St,Oakley Ave & Roscoe St,15,15,In Service,41.942916,-87.685801,"(41.942916, -87.685801)"
518,Conservatory Dr & Lake St,Conservatory Dr & Lake St,15,15,In Service,41.885502,-87.716866,"(41.885502, -87.716866)"
483,Avondale Ave & Irving Park Rd,Avondale Ave & Irving Park Rd,19,19,In Service,41.953393,-87.732002,"(41.953393, -87.732002)"
241,Morgan St & Polk St,Morgan St & Polk St,19,19,In Service,41.871737,-87.65103,"(41.871737, -87.65103)"
485,Sawyer Ave & Irving Park Rd,Sawyer Ave & Irving Park Rd,15,15,In Service,41.953586179,-87.7093108,"(41.95358617895, -87.7093107999)"
552,Ashland Ave & McDowell Ave,Ashland Ave & McDowell Ave,11,11,In Service,41.80887,-87.66454,"(41.80887, -87.66454)"
546,Damen Ave & Pershing Rd,Damen Ave & Pershing Rd,11,11,In Service,41.823192,-87.676597,"(41.823192, -87.676597)"
226,Racine Ave & Belmont Ave,Racine Ave & Belmont Ave,15,15,In Service,41.939743,-87.658865,"(41.939743, -87.658865)"
60,Dayton St & North Ave,1575 N Dayton St,19,19,In Service,41.910578035,-87.649421929,"(41.9105780349, -87.6494219288)"
225,Halsted St & Dickens Ave,Halsted St & Dickens Ave,15,15,In Service,41.919936,-87.64883,"(41.919936, -87.64883)"
295,Broadway & Argyle St,Broadway & Argyle St,15,15,In Service,41.973815,-87.65966,"(41.973815, -87.65966)"
30,Ashland Ave & Augusta Blvd,1611 W. Augusta Blvd,15,15,In Service,41.899643,-87.6677,"(41.899643, -87.6677)"
88,Racine Ave & Randolph St,1213 W Randolph St,19,19,In Service,41.884069,-87.656853,"(41.884069, -87.656853)"
561,Damen Ave & 59th St,Damen Ave & 59th St,11,11,In Service,41.78602,-87.674167,"(41.78602, -87.674167)"
593,Halsted St & 59th St,Halsted St & 59th St,11,11,In Service,41.787539,-87.644874,"(41.787539, -87.644874)"
565,Ashland Ave & 66th St,Ashland Ave & 66th St,11,11,In Service,41.774074,-87.663815,"(41.774074, -87.663815)"
307,Southport Ave & Clybourn Ave,Southport Ave & Clybourn Ave,15,15,In Service,41.920771,-87.663712,"(41.920771, -87.663712)"
600,Dodge Ave & Church St,Dodge Ave & Church St,15,15,In Service,42.048308,-87.698224,"(42.048308, -87.698224)"
601,Central St Metra,Central St Metra,15,15,In Service,42.063598,-87.69873,"(42.063598, -87.69873)"
605,University Library (NU),University Library (NU),15,15,In Service,42.052939,-87.673447,"(42.052939, -87.673447)"
224,Halsted St & Willow St,Halsted St & Willow St,19,19,In Service,41.913778,-87.64884,"(41.913778, -87.64884)"
324,Stockton Dr & Wrightwood Ave,Stockton Dr & Wrightwood Ave,15,15,In Service,41.93132,-87.638742,"(41.93132, -87.638742)"
320,Loomis St & Lexington St,Loomis St & Lexington St,19,19,In Service,41.872187,-87.661501,"(41.872187, -87.661501)"
317,Wood St & Taylor St,Wood St & Taylor St,23,22,In Service,41.869154,-87.671045,"(41.869154, -87.671045)"
598,Elmwood Ave & Austin St,Elmwood Ave & Austin St,15,15,In Service,42.025784,-87.684107,"(42.025784, -87.684107)"
599,Valli Produce - Evanston Plaza,Valli Produce - Evanston Plaza,15,15,In Service,42.039742,-87.699413,"(42.039742, -87.699413)"
573,State St & 79th St,State St & 79th St,15,15,In Service,41.750794,-87.624424,"(41.750794, -87.624424)"
100,Orleans St & Merchandise Mart Plaza,333 N Orleans St,35,35,In Service,41.888243,-87.63639,"(41.888243, -87.63639)"
112,Green St & Randolph St,Green St & Randolph St,15,15,In Service,41.883668,-87.64867,"(41.883668, -87.64867)"
120,Wentworth Ave & Archer Ave,Wentworth Ave & Archer Ave,23,23,In Service,41.853605,-87.631886,"(41.853605, -87.631886)"
527,Western Ave & Howard St,Western Ave & Howard St,19,19,In Service,42.018901,-87.690048,"(42.018901, -87.690048)"
331,Halsted St & Blackhawk St (*),Halsted St & Blackhawk St (*),20,20,In Service,41.908537,-87.648627,"(41.908537, -87.648627)"
382,Western Ave & Congress Pkwy,Western Ave & Congress Pkwy,19,19,In Service,41.874748851,-87.686445276,"(41.87474885079, -87.6864452757)"
328,Ellis Ave & 58th St,Ellis Ave & 58th St,19,19,In Service,41.788746,-87.601334,"(41.788746, -87.601334)"
517,Clark St & Jarvis Ave,Clark St & Jarvis Ave,15,15,In Service,42.015963,-87.675005,"(42.015963, -87.675005)"
432,Clark St & Lunt Ave,Clark St & Lunt Ave,19,19,In Service,42.009074,-87.67419,"(42.009074, -87.67419)"
564,Racine Ave & 65th St,Racine Ave & 65th St,11,11,In Service,41.775393,-87.654308,"(41.775393, -87.654308)"
554,Damen Ave & 51st St,Damen Ave & 51st St,11,11,In Service,41.800908,-87.674684,"(41.800908, -87.674684)"
602,Central St & Girard Ave,Central St & Girard Ave,15,15,In Service,42.064313,-87.686152,"(42.064313, -87.686152)"
574,Eberhart (Vernon) Ave & 79th St,Eberhart (Vernon) Ave & 79th St,11,11,In Service,41.751345,-87.612568,"(41.751345, -87.612568)"
520,Greenview Ave & Jarvis Ave,Greenview Ave & Jarvis Ave,23,23,In Service,42.015962,-87.66857,"(42.015962, -87.66857)"
525,Glenwood Ave & Touhy Ave,Glenwood Ave & Touhy Ave,15,15,In Service,42.012701,-87.666058,"(42.012701, -87.666058)"
522,Bosworth Ave & Howard St,Bosworth Ave & Howard St,15,15,In Service,42.019537,-87.669563,"(42.019537, -87.669563)"
526,Oakley Ave & Touhy Ave,Oakley Ave & Touhy Ave,15,15,In Service,42.012342,-87.688243,"(42.012342, -87.688243)"
207,Emerald Ave & 28th St,Emerald Ave & 28th St,15,15,In Service,41.84358,-87.645368,"(41.84358, -87.645368)"
15,Racine Ave & 18th St,1726 S Racine Ave,15,15,In Service,41.858166,-87.656495,"(41.858166, -87.656495)"
183,Damen Ave & Augusta Blvd,Damen Ave & Augusta Blvd,23,23,In Service,41.899113,-87.677212,"(41.899113, -87.677212)"
142,McClurg Ct & Erie St,660 N McClurg Ct,31,31,In Service,41.894503,-87.617854,"(41.894503, -87.617854)"
202,Halsted St & 18th St,Halsted St & 18th St,15,15,In Service,41.857499,-87.646277,"(41.857499, -87.646277)"
332,Halsted St & Diversey Pkwy,Halsted St & Diversey Pkwy,19,19,In Service,41.933666,-87.648959,"(41.933666, -87.648959)"
334,Lake Shore Dr & Belmont Ave,Lake Shore Dr & Belmont Ave,19,19,In Service,41.940775,-87.639192,"(41.940775, -87.639192)"
234,Clark St & Montrose Ave,Clark St & Montrose Ave,19,19,In Service,41.961588,-87.666036,"(41.961588, -87.666036)"
297,Paulina St & Montrose Ave,Paulina St & Montrose Ave,15,13,In Service,41.961507,-87.671387,"(41.961507, -87.671387)"
299,Halsted St & Roscoe St,Halsted St & Roscoe St,15,15,In Service,41.94367,-87.64895,"(41.94367, -87.64895)"
306,Sheridan Rd & Buena Ave,Sheridan Rd & Buena Ave,19,19,In Service,41.958494,-87.654966,"(41.958494, -87.654966)"
194,Wabash Ave & Wacker Pl,Wabash Ave & Wacker Pl,19,18,In Service,41.886875,-87.62603,"(41.886875, -87.62603)"
318,Southport Ave & Irving Park Rd,Southport Ave & Irving Park Rd,15,15,In Service,41.954177,-87.664358,"(41.954177, -87.664358)"
449,Clark St & Columbia Ave,Clark St & Columbia Ave,15,15,In Service,42.004450629,-87.672402405,"(42.00445062934, -87.6724024047)"
351,Cottage Grove Ave & 51st St,Off Street,15,15,In Service,41.803038,-87.606615,"(41.803038, -87.606615)"
471,Francisco Ave & Foster Ave,Francisco Ave & Foster Ave,15,15,In Service,41.975632725,-87.701419439,"(41.97563272521, -87.7014194389)"
311,Leavitt St & Lawrence Ave,Leavitt St & Lawrence Ave,19,19,In Service,41.968885,-87.684001,"(41.968885, -87.684001)"
354,Sheridan Rd & Greenleaf Ave,Sheridan Rd & Greenleaf Ave,15,15,In Service,42.010586563,-87.662412095,"(42.01058656284, -87.6624120948)"
344,Ravenswood Ave & Lawrence Ave,Ravenswood Ave & Lawrence Ave,39,39,In Service,41.96909,-87.674237,"(41.96909, -87.674237)"
146,Loomis St & Jackson Blvd,Loomis St & Jackson Blvd,11,11,In Service,41.877945,-87.662007,"(41.877945, -87.662007)"
38,Clark St & Lake St,Clark St & Lake St,27,26,In Service,41.886020828,-87.630876058,"(41.88602082773, -87.6308760584)"
39,Wabash Ave & Adams St,Wabash Ave & Adams St,23,21,In Service,41.879472352,-87.625688606,"(41.87947235235, -87.6256886059)"
340,Clark St & Wrightwood Ave,Clark St & Wrightwood Ave,15,15,In Service,41.929546,-87.643118,"(41.929546, -87.643118)"
346,Ada St & Washington Blvd,Ada St & Washington Blvd,15,15,In Service,41.88283,-87.661206,"(41.88283, -87.661206)"
116,Western Ave & Winnebago Ave,Western Ave & Winnebago Ave,15,15,In Service,41.91552,-87.687022,"(41.91552, -87.687022)"
424,Museum of Science and Industry,Museum of Science and Industry,27,27,In Service,41.79172821,-87.583945009,"(41.79172820953, -87.583945009)"
185,Stave St & Armitage Ave,Stave St & Armitage Ave,11,11,In Service,41.917741,-87.691392,"(41.917741, -87.691392)"
208,Ashland Ave & 21st St,Ashland Ave & 21st St,15,15,In Service,41.85381,-87.665897,"(41.85381, -87.665897)"
152,Lincoln Ave & Diversey Pkwy,Lincoln Ave & Diversey Pkwy,15,15,In Service,41.932225,-87.658617,"(41.932225, -87.658617)"
273,Michigan Ave & 18th St,Michigan Ave & 18th St,23,23,In Service,41.857813,-87.62455,"(41.857813, -87.62455)"
402,Shields Ave & 31st St,Shields Ave & 31st St,15,15,In Service,41.838464,-87.635406,"(41.838464, -87.635406)"
413,Woodlawn Ave & Lake Park Ave,Woodlawn Ave & Lake Park Ave,15,15,In Service,41.81409271,-87.597005148,"(41.81409271048, -87.5970051479)"
437,Washtenaw Ave & Ogden Ave (*),Washtenaw Ave & Ogden Ave (*),20,20,In Service,41.861894,-87.693511,"(41.861894, -87.693511)"
17,Honore St & Division St,W. Divison St,23,22,In Service,41.903119,-87.673935,"(41.903119, -87.673935)"
420,Ellis Ave & 55th St,Ellis Ave & 55th St,19,18,In Service,41.794300621,-87.601449773,"(41.79430062054, -87.6014497734)"
162,Damen Ave & Wellington Ave,Damen Ave & Wellington Ave,15,15,In Service,41.93588,-87.67842,"(41.93588, -87.67842)"
423,University Ave & 57th St,Off Street,27,26,In Service,41.791478,-87.599861,"(41.791478, -87.599861)"
417,Cornell Ave & Hyde Park Blvd,Cornell Ave & Hyde Park Blvd,19,19,In Service,41.802406,-87.586924,"(41.802406, -87.586924)"
433,Kedzie Ave & Harrison St,Kedzie Ave & Harrison St,11,11,In Service,41.873599675,-87.704870749,"(41.87359967462, -87.7048707493)"
458,Broadway & Thorndale Ave,Broadway & Thorndale Ave,19,19,In Service,41.989742511,-87.660140621,"(41.98974251144, -87.6601406209)"
453,Clark St & Schreiber Ave,Clark St & Schreiber Ave,15,15,In Service,41.999251822,-87.671377339,"(41.99925182186, -87.6713773393)"
464,Damen Ave & Foster Ave,Damen Ave & Foster Ave,15,15,In Service,41.975614805,-87.679459039,"(41.97561480459, -87.6794590387)"
457,Clark St & Elmdale Ave,Clark St & Elmdale Ave,19,19,In Service,41.99089375,-87.669583398,"(41.99089374974, -87.6695833982)"
496,Avers Ave & Belmont Ave,Avers Ave & Belmont Ave,11,11,In Service,41.939408,-87.723574,"(41.939408, -87.723574)"
460,Clark St & Bryn Mawr Ave,Clark St & Bryn Mawr Ave,15,15,In Service,41.983593,-87.669154,"(41.983593, -87.669154)"
450,Warren Park West,Warren Park West,15,14,In Service,42.001785,-87.688829,"(42.001785, -87.688829)"
451,Sheridan Rd & Loyola Ave,Sheridan Rd & Loyola Ave,15,14,In Service,42.00104378,-87.661198243,"(42.00104377979, -87.6611982433)"
461,Broadway & Ridge Ave,Broadway & Ridge Ave,15,14,In Service,41.984044611,-87.660273829,"(41.9840446107, -87.6602738295)"
442,California Ave & 23rd Pl,California Ave & 23rd Pl,15,15,In Service,41.849109692,-87.695139807,"(41.84910969176, -87.6951398068)"
40,LaSalle St & Adams St,LaSalle St & Adams St,15,14,In Service,41.879344373,-87.631985221,"(41.87934437346, -87.6319852213)"
42,Wabash Ave & Cermak Rd,13 E Cermak Rd,11,11,In Service,41.852619,-87.626488,"(41.852619, -87.626488)"
367,Racine Ave & 35th St,Racine Ave & 35th St,15,15,In Service,41.830696113,-87.655975912,"(41.83069611252, -87.6559759116)"
9,Leavitt St & Archer Ave,NA1,19,19,In Service,41.82879202,-87.680604459,"(41.82879201994, -87.6806044594)"
497,Kimball Ave & Belmont Ave,Kimball Ave & Belmont Ave,23,23,In Service,41.939398,-87.711561,"(41.939398, -87.711561)"
592,Knox Ave & Montrose Ave,Knox Ave & Montrose Ave,15,15,In Service,41.960631,-87.745359,"(41.960631, -87.745359)"
567,May St & 69th St,May St & 69th St,11,11,In Service,41.768938,-87.652934,"(41.768938, -87.652934)"
548,Morgan St & Pershing Rd,Morgan St & Pershing Rd,11,11,In Service,41.823613,-87.650931,"(41.823613, -87.650931)"
7,Field Blvd & South Water St,Field Blvd & South Water St,19,19,In Service,41.886349063,-87.617516547,"(41.88634906269, -87.6175165471)"
87,Racine Ave & Fullerton Ave,2411 N Racine Ave,19,19,In Service,41.92556258,-87.65840426,"(41.92556258, -87.65840426)"
591,Kilbourn Ave & Milwaukee Ave,Kilbourn Ave & Milwaukee Ave,23,23,In Service,41.948818,-87.74002,"(41.948818, -87.74002)"
58,Marshfield Ave & Cortland St,Marshfield Ave & Cortland St,23,21,In Service,41.916017,-87.668879,"(41.916017, -87.668879)"
508,Central Park Ave & North Ave,Central Park Ave & North Ave,15,15,In Service,41.909656876,-87.716631952,"(41.90965687563, -87.7166319516)"
515,Paulina St & Howard St,Paulina St & Howard St,23,23,In Service,42.019159,-87.673573,"(42.019159, -87.673573)"
172,Rush St & Cedar St,Rush St & Cedar St,11,11,In Service,41.902308701,-87.627690528,"(41.90230870122, -87.627690528)"
258,Logan Blvd & Elston Ave,Logan Blvd & Elston Ave,19,19,In Service,41.930584,-87.685126,"(41.930584, -87.685126)"
156,Clark St & Wellington Ave,Clark St & Wellington Ave,15,15,In Service,41.936496822,-87.647538658,"(41.9364968219, -87.6475386582)"
293,Broadway & Wilson Ave,Broadway & Wilson Ave,15,15,In Service,41.965221,-87.658139,"(41.965221, -87.658139)"
325,Clark St & Winnemac Ave,Clark St & Winnemac Ave,19,19,In Service,41.973345,-87.667682,"(41.973345, -87.667682)"
71,Morgan St & Lake St,1003 W. Lake St.,23,23,In Service,41.885483308,-87.652304856,"(41.8854833079, -87.6523048564)"
74,Kingsbury St & Erie St,511 W Erie St,23,22,In Service,41.893882,-87.641711,"(41.893882, -87.641711)"
182,Wells St & Elm St,Wells St & Elm St,23,22,In Service,41.903222,-87.634324,"(41.903222, -87.634324)"
75,Canal St & Jackson Blvd,Canal St & Jackson Blvd,31,30,In Service,41.877245,-87.639366,"(41.877245, -87.639366)"
349,Halsted St & Wrightwood Ave,Halsted St & Wrightwood Ave,15,15,In Service,41.929143,-87.649077,"(41.929143, -87.649077)"
341,Adler Planetarium,Off Street,39,39,In Service,41.866095,-87.607267,"(41.866095, -87.607267)"
84,Milwaukee Ave & Grand Ave,500 N Milwaukee Ave.,19,19,In Service,41.891578,-87.648384,"(41.891578, -87.648384)"
48,Larrabee St & Kingsbury St,840 N Larrabee St,39,39,In Service,41.897764,-87.642884,"(41.897764, -87.642884)"
81,Daley Center Plaza,Daley Center Plaza,39,38,In Service,41.884241,-87.629634,"(41.884241, -87.629634)"
21,Aberdeen St & Jackson Blvd,1103 W.Jackson Blvd,15,15,In Service,41.87772613,-87.65478743,"(41.87772613, -87.65478743)"
36,Franklin St & Jackson Blvd,340 S. Franklin St,39,39,In Service,41.877707956,-87.635321141,"(41.8777079559, -87.6353211408)"
76,Lake Shore Dr & Monroe St,402 E Monroe St,39,38,In Service,41.880958,-87.616743,"(41.880958, -87.616743)"
486,Oakley Ave & Irving Park Rd,Oakley Ave & Irving Park Rd,15,15,In Service,41.954340852,-87.686079624,"(41.95434085219, -87.6860796243)"
125,Rush St & Hubbard St,Rush St & Hubbard St,23,23,In Service,41.890173,-87.626185,"(41.890173, -87.626185)"
89,Financial Pl & Congress Pkwy,Financial Pl & Congress Pkwy,31,31,In Service,41.875009135,-87.633105819,"(41.87500913494, -87.6331058189)"
13,Wilton Ave & Diversey Pkwy,2790 N.Wilton Ave,27,27,In Service,41.932418,-87.652705,"(41.932418, -87.652705)"
128,Damen Ave & Chicago Ave,Damen Ave & Chicago Ave,19,18,In Service,41.895769,-87.67722,"(41.895769, -87.67722)"
91,Clinton St & Washington Blvd,109 N Clinton St,31,31,In Service,41.88338,-87.64117,"(41.88338, -87.64117)"
96,Desplaines St & Randolph St,Desplaines St & Randolph St,23,22,In Service,41.88461619,-87.644570585,"(41.88461618962, -87.6445705849)"
250,Ashland Ave & Wellington Ave,Ashland Ave & Wellington Ave,19,19,In Service,41.936083,-87.669807,"(41.936083, -87.669807)"
228,Damen Ave & Melrose Ave,Damen Ave & Melrose Ave,15,15,In Service,41.9406,-87.6785,"(41.9406, -87.6785)"
242,Damen Ave & Leland Ave,Damen Ave & Leland Ave,15,15,In Service,41.967094,-87.679028,"(41.967094, -87.679028)"
310,Damen Ave & Charleston St,Damen Ave & Charleston St,11,11,In Service,41.920082,-87.677855,"(41.920082, -87.677855)"
345,Lake Park Ave & 56th St,Lake Park Ave & 56th St,19,19,In Service,41.793242,-87.587782,"(41.793242, -87.587782)"
337,Clark St & Chicago Ave,Clark St & Chicago Ave,19,19,In Service,41.896544,-87.630931,"(41.896544, -87.630931)"
386,Halsted St & 56th St,Halsted St & 56th St,11,11,In Service,41.792929646,-87.644990057,"(41.79292964599, -87.6449900565)"
384,Halsted St & 51st St,Halsted St & 51st St,11,11,In Service,41.80183164,-87.645213904,"(41.80183164049, -87.645213904)"
436,Fairfield Ave & Roosevelt Rd,Fairfield Ave & Roosevelt Rd,15,15,In Service,41.866624,-87.694521,"(41.866624, -87.694521)"
440,Lawndale Ave & 23rd St,Lawndale Ave & 23rd St,11,11,In Service,41.849881946,-87.717000385,"(41.8498819465, -87.7170003853)"
511,Albany Ave & Bloomingdale Ave,Albany Ave & Bloomingdale Ave,15,14,In Service,41.914026713,-87.705126462,"(41.91402671273, -87.705126462)"
490,Troy St & Elston Ave,Troy St & Elston Ave,15,13,In Service,41.945243568,-87.706649901,"(41.94524356848, -87.7066499009)"
407,State St & Pershing Rd,State St & Pershing Rd,11,11,In Service,41.823015238,-87.626568018,"(41.82301523798, -87.6265680185)"
538,Cicero Ave & Flournoy St,Cicero Ave & Flournoy St,15,15,In Service,41.872131,-87.746619,"(41.872131, -87.746619)"
523,Eastlake Ter & Rogers Ave,Eastlake Ter & Rogers Ave,15,15,In Service,42.021019,-87.665086,"(42.021019, -87.665086)"
444,Albany Ave & 26th St,Albany Ave & 26th St,11,11,In Service,41.844475014,-87.702013013,"(41.84447501366, -87.7020130128)"
578,Bennett Ave & 79th St,Bennett Ave & 79th St,11,11,In Service,41.751785,-87.578496,"(41.751785, -87.578496)"
188,Greenview Ave & Fullerton Ave,Greenview Ave & Fullerton Ave,15,15,In Service,41.92533,-87.6658,"(41.92533, -87.6658)"
230,Lincoln Ave & Roscoe St,Lincoln Ave & Roscoe St,19,19,In Service,41.94334,-87.67097,"(41.94334, -87.67097)"
239,Western Ave & Leland Ave,Western Ave & Leland Ave,19,18,In Service,41.966555,-87.688487,"(41.966555, -87.688487)"
279,Halsted St & 35th St (*),Halsted St & 35th St (*),16,16,In Service,41.830661,-87.647172,"(41.830661, -87.647172)"
57,Clinton St & Roosevelt Rd,559 W Roosevelt Rd,15,15,In Service,41.867117783,-87.641087959,"(41.8671177825, -87.6410879593)"
447,Glenwood Ave & Morse Ave,NA5,15,15,In Service,42.007971923,-87.665502394,"(42.00797192287, -87.6655023944)"
419,Lake Park Ave & 53rd St,Lake Park Ave & 53rd St,15,15,In Service,41.799494294,-87.586449896,"(41.79949429373, -87.5864498959)"
506,Spaulding Ave & Armitage Ave,Spaulding Ave & Armitage Ave,15,15,In Service,41.917183752,-87.710356652,"(41.91718375155, -87.7103566522)"
102,Stony Island Ave & 67th St,Stony Island Ave & 67th St,11,11,In Service,41.773458499,-87.585339739,"(41.77345849948, -87.5853397391)"
462,Winchester (Ravenswood) Ave & Balmoral Ave,Winchester (Ravenswood) Ave & Balmoral Ave,15,15,In Service,41.979762,-87.67753,"(41.979762, -87.67753)"
503,Drake Ave & Fullerton Ave,Drake Ave & Fullerton Ave,15,15,In Service,41.924398819,-87.715441036,"(41.924398819, -87.7154410355)"
343,Racine Ave & Wrightwood Ave,Racine Ave & Wrightwood Ave,15,15,In Service,41.928887,-87.658971,"(41.928887, -87.658971)"
107,Desplaines St & Jackson Blvd,Desplaines St & Jackson Blvd,27,27,In Service,41.878287,-87.643909,"(41.878287, -87.643909)"
111,Sedgwick St & Huron St,Sedgwick St & Huron St,19,18,In Service,41.894666,-87.638437,"(41.894666, -87.638437)"
53,LaSalle (Wells) St & Huron St,LaSalle (Wells) St & Huron St,27,26,In Service,41.894882,-87.632326,"(41.894882, -87.632326)"
66,Clinton St & Lake St,Clinton St & Lake St,23,22,In Service,41.885637,-87.641823,"(41.885637, -87.641823)"
425,Harper Ave & 59th St,Harper Ave & 59th St,15,15,In Service,41.787942813,-87.58831517,"(41.78794281287, -87.5883151702)"
232,Pine Grove Ave & Waveland Ave,Pine Grove Ave & Waveland Ave,23,23,In Service,41.949275,-87.646303,"(41.949275, -87.646303)"
284,Michigan Ave & Jackson Blvd,Michigan Ave & Jackson Blvd,23,23,In Service,41.87785,-87.62408,"(41.87785, -87.62408)"
289,Wells St & Concord Ln,Wells St & Concord Ln,19,18,In Service,41.912133,-87.634656,"(41.912133, -87.634656)"
300,Broadway & Barry Ave,Broadway & Barry Ave,19,18,In Service,41.937725,-87.644095,"(41.937725, -87.644095)"
50,Clark St & Congress Pkwy,Clark St & Congress Pkwy,27,27,In Service,41.875932666,-87.630584536,"(41.8759326655, -87.6305845355)"
478,Rockwell St & Eastwood Ave,Rockwell St & Eastwood Ave,15,15,In Service,41.96590014,-87.693638494,"(41.96590013976, -87.6936384935)"
173,Mies van der Rohe Way & Chicago Ave,Mies van der Rohe Way & Chicago Ave,15,15,In Service,41.89691,-87.621743,"(41.89691, -87.621743)"
138,Clybourn Ave & Division St,Clybourn Ave & Division St,15,15,In Service,41.904613,-87.640552,"(41.904613, -87.640552)"
16,Paulina Ave & North Ave,1575 N Paulina Ave,15,15,In Service,41.910337,-87.670072,"(41.910337, -87.670072)"
141,Clark St & Lincoln Ave,Clark St & Lincoln Ave,23,23,In Service,41.915689,-87.6346,"(41.915689, -87.6346)"
166,Ashland Ave & Wrightwood Ave,Ashland Ave & Wrightwood Ave,15,15,In Service,41.92883,-87.668507,"(41.92883, -87.668507)"
176,Clark St & Elm St,Clark St & Elm St,27,25,In Service,41.902973,-87.63128,"(41.902973, -87.63128)"
179,MLK Jr Dr & Oakwood Blvd,Off Steet,15,15,In Service,41.82256,-87.61615,"(41.82256, -87.61615)"
209,Normal Ave & Archer Ave,Normal Ave & Archer Ave,11,11,In Service,41.849527,-87.640591,"(41.849527, -87.640591)"
276,California Ave & North Ave,California Ave & North Ave,11,11,In Service,41.91044,-87.6972,"(41.91044, -87.6972)"
260,Kedzie Ave & Milwaukee Ave,Kedzie Ave & Milwaukee Ave,27,27,In Service,41.929567,-87.707857,"(41.929567, -87.707857)"
25,Michigan Ave & Pearson St,150 E.Pearson st,23,23,In Service,41.89766,-87.62351,"(41.89766, -87.62351)"
238,Ravenswood Ave & Montrose Ave (*),Ravenswood Ave & Montrose Ave (*),16,16,In Service,41.961615,-87.674365,"(41.961615, -87.674365)"
251,Clarendon Ave & Leland Ave,Clarendon Ave & Leland Ave,15,15,In Service,41.967968,-87.650001,"(41.967968, -87.650001)"
257,Lincoln Ave & Waveland Ave,Lincoln Ave & Waveland Ave,15,15,In Service,41.948797,-87.675278,"(41.948797, -87.675278)"
29,Noble St & Milwaukee Ave,1016 N. Noble St,15,15,In Service,41.90068,-87.6626,"(41.90068, -87.6626)"
283,LaSalle St & Jackson Blvd,LaSalle St & Jackson Blvd,35,35,In Service,41.87817,-87.631985,"(41.87817, -87.631985)"
219,Damen Ave & Cortland St,Damen Ave & Cortland St,19,19,In Service,41.916027,-87.677411,"(41.916027, -87.677411)"
229,Southport Ave & Roscoe St,Southport Ave & Roscoe St,19,19,In Service,41.943739,-87.66402,"(41.943739, -87.66402)"
23,Orleans St & Elm St (*),350 W. Elm st,16,16,In Service,41.902924,-87.637715,"(41.902924, -87.637715)"
267,Lake Park Ave & 47th St,Lake Park Ave & 47th St,15,15,In Service,41.809443,-87.591875,"(41.809443, -87.591875)"
245,Clarendon Ave & Junior Ter,Clarendon Ave & Junior Ter,23,23,In Service,41.961004,-87.649603,"(41.961004, -87.649603)"
312,Clarendon Ave & Gordon Ter,Clarendon Ave & Gordon Ter,15,15,In Service,41.957879,-87.649519,"(41.957879, -87.649519)"
428,Dorchester Ave & 63rd St,Dorchester Ave & 63rd St,15,15,In Service,41.780405646,-87.591415989,"(41.7804056457, -87.5914159893)"
434,Ogden Ave & Roosevelt Rd,Ogden Ave & Roosevelt Rd,19,19,In Service,41.866501483,-87.68469707,"(41.86650148316, -87.68469707)"
422,DuSable Museum,DuSable Museum,15,15,In Service,41.791568011,-87.607852177,"(41.79156801058, -87.6078521774)"
330,Lincoln Ave & Addison St,Lincoln Ave & Addison St,19,19,In Service,41.946176,-87.673308,"(41.946176, -87.673308)"
44,State St & Randolph St,State St & Randolph St,27,27,In Service,41.884730201,-87.627733569,"(41.8847302006, -87.6277335692)"
41,Federal St & Polk St,Federal St & Polk St,19,19,In Service,41.872077633,-87.629543773,"(41.87207763285, -87.6295437729)"
291,Wells St & Evergreen Ave,Wells St & Evergreen Ave,19,18,In Service,41.906724,-87.63483,"(41.906724, -87.63483)"
403,Wentworth Ave & 33rd St,Wentworth Ave & 33rd St,15,15,In Service,41.834529886,-87.631822981,"(41.83452988563, -87.6318229814)"
43,Michigan Ave & Washington St,120 N Michigan,43,40,In Service,41.883892766,-87.624649141,"(41.8838927658, -87.6246491409)"
352,Jeffery Blvd & 67th St,Jeffery Blvd & 67th St,15,15,In Service,41.773517551,-87.577142826,"(41.77351755125, -87.5771428255)"
353,Clark St & Touhy Ave,Clark St & Touhy Ave,15,15,In Service,42.012560115,-87.674367115,"(42.01256011541, -87.6743671152)"
46,Wells St & Walton St,932 N Wells St,19,19,In Service,41.89993001,-87.63443007,"(41.89993001, -87.63443007)"
62,McCormick Place,2253 S Dr Martin Luther King Jr Dr,27,27,In Service,41.851375173,-87.618834649,"(41.8513751729, -87.6188346489)"
597,Chicago Ave & Washington St,Chicago Ave & Washington St,15,15,In Service,42.032562,-87.679101,"(42.032562, -87.679101)"
505,Winchester Ave & Elston Ave,Winchester Ave & Elston Ave,15,15,In Service,41.92409085,-87.676460075,"(41.92409085038, -87.6764600747)"
77,Clinton St & Madison St,5 N Clinton St,31,30,In Service,41.882242,-87.641066,"(41.882242, -87.641066)"
69,Damen Ave & Pierce Ave,2002 W Pierce Ave,19,18,In Service,41.909396007,-87.677691929,"(41.9093960065, -87.6776919292)"
519,Wolcott Ave & Fargo Ave,Wolcott Ave & Fargo Ave,11,11,In Service,42.016977,-87.677725,"(42.016977, -87.677725)"
510,Spaulding Ave & Division St,Spaulding Ave & Division St,15,15,In Service,41.902706594,-87.709219571,"(41.90270659438, -87.709219571)"
549,Marshfield Ave & 44th St,Marshfield Ave & 44th St,11,11,In Service,41.813996,-87.666589,"(41.813996, -87.666589)"
145,Mies van der Rohe Way & Chestnut St,Mies van der Rohe Way & Chestnut St,19,19,In Service,41.898586651,-87.621915226,"(41.8985866514, -87.6219152258)"
140,Dearborn Pkwy & Delaware Pl,Dearborn Pkwy & Delaware Pl,19,19,In Service,41.898969,-87.629912,"(41.898969, -87.629912)"
180,Ritchie Ct & Banks St,Ritchie Ct & Banks St,15,14,In Service,41.906866,-87.626217,"(41.906866, -87.626217)"
93,Sheffield Ave & Willow St,1740 N Sheffield Ave,15,15,In Service,41.913688,-87.652855,"(41.913688, -87.652855)"
19,Loomis St & Taylor St (*),Loomis St & Taylor St (*),16,16,In Service,41.869417,-87.660996,"(41.869417, -87.660996)"
448,Warren Park East,Warren Park East,15,15,In Service,42.004549622,-87.680666145,"(42.00454962194, -87.6806661451)"
376,Artesian Ave & Hubbard St,Artesian Ave & Hubbard St,35,35,In Service,41.88949182,-87.688219365,"(41.88949181977, -87.6882193648)"
277,Ashland Ave & Grand Ave,Off Street,15,15,In Service,41.891072,-87.666611,"(41.891072, -87.666611)"
327,Sheffield Ave & Webster Ave,Sheffield Ave & Webster Ave,19,19,In Service,41.92154,-87.653818,"(41.92154, -87.653818)"
45,Michigan Ave & Congress Pkwy,420 w. Michigan,15,15,In Service,41.876243,-87.624426,"(41.876243, -87.624426)"
252,Greenwood Ave & 47th St,Greenwood Ave & 47th St,15,14,In Service,41.809835,-87.599383,"(41.809835, -87.599383)"
475,Washtenaw Ave & Lawrence Ave,Washtenaw Ave & Lawrence Ave,15,15,In Service,41.968987,-87.696027,"(41.968987, -87.696027)"
580,Exchange Ave & 79th St,Exchange Ave & 79th St,15,15,In Service,41.751731,-87.552812,"(41.751731, -87.552812)"
68,Clinton St & Tilden St,520 W Tilden St,23,23,In Service,41.875885,-87.640795,"(41.875885, -87.640795)"
479,Drake Ave & Montrose Ave,Drake Ave & Montrose Ave,15,15,In Service,41.961154076,-87.716569073,"(41.96115407569, -87.7165690733)"
487,California Ave & Byron St,California Ave & Byron St,19,19,In Service,41.952162193,-87.698051113,"(41.95216219326, -87.698051113)"
290,Kedzie Ave & Palmer Ct,Kedzie Ave & Palmer Ct,15,15,In Service,41.921525,-87.707322,"(41.921525, -87.707322)"
305,Western Ave & Division St,Western Ave & Division St,15,14,In Service,41.902893,-87.687275,"(41.902893, -87.687275)"
484,Monticello Ave & Irving Park Rd,Monticello Ave & Irving Park Rd,15,15,In Service,41.954004839,-87.71912818,"(41.95400483876, -87.7191281797)"
465,Marine Dr & Ainslie St,Marine Dr & Ainslie St,23,23,In Service,41.9716,-87.650154,"(41.9716, -87.650154)"
507,Humboldt Blvd & Armitage Ave,Humboldt Blvd & Armitage Ave,19,19,In Service,41.917513394,-87.701808955,"(41.91751339399, -87.7018089555)"
190,Southport Ave & Wrightwood Ave,Southport Ave & Wrightwood Ave,15,15,In Service,41.928773,-87.663913,"(41.928773, -87.663913)"
157,Lake Shore Dr & Wellington Ave,Lake Shore Dr & Wellington Ave,15,15,In Service,41.936669,-87.636794,"(41.936669, -87.636794)"
144,Larrabee St & Webster Ave,Larrabee St & Webster Ave,19,19,In Service,41.921822,-87.64414,"(41.921822, -87.64414)"
163,Damen Ave & Clybourn Ave,Damen Ave & Clybourn Ave,15,15,In Service,41.931931,-87.677856,"(41.931931, -87.677856)"
92,Carpenter St & Huron St,Carpenter St & Huron St,19,19,In Service,41.894556,-87.653449,"(41.894556, -87.653449)"
90,Millennium Park,33 S Michigan Ave,47,47,In Service,41.8810317,-87.62408432,"(41.8810317, -87.62408432)"
211,St. Clair St & Erie St,St. Clair St & Erie St,19,18,In Service,41.894448,-87.622663,"(41.894448, -87.622663)"
72,Wabash Ave & 16th St,1590 S Wabash Ave,39,39,In Service,41.860384,-87.625813,"(41.860384, -87.625813)"
98,LaSalle St & Washington St,LaSalle St & Washington St,15,14,In Service,41.882664,-87.63253,"(41.882664, -87.63253)"
596,Benson Ave & Church St,Benson Ave & Church St,15,15,In Service,42.048214,-87.683485,"(42.048214, -87.683485)"
5,State St & Harrison St,620 S. State St.,23,23,In Service,41.874053,-87.627716,"(41.874053, -87.627716)"
255,Indiana Ave & Roosevelt Rd,Indiana Ave & Roosevelt Rd,39,39,In Service,41.867888,-87.623041,"(41.867888, -87.623041)"
463,Clark St & Berwyn Ave,Clark St & Berwyn Ave,19,19,In Service,41.977996654,-87.668047105,"(41.9779966544, -87.6680471047)"
302,Sheffield Ave & Wrightwood Ave,Sheffield Ave & Wrightwood Ave,19,18,In Service,41.928712,-87.653833,"(41.928712, -87.653833)"
52,Michigan Ave & Lake St,203 N Michigan Ave,31,30,In Service,41.886024,-87.624117,"(41.886024, -87.624117)"
153,Southport Ave & Wellington Ave,Southport Ave & Wellington Ave,19,19,In Service,41.935733,-87.663576,"(41.935733, -87.663576)"
378,California Ave & Lake St,California Ave & Lake St,15,15,In Service,41.884453957,-87.696298137,"(41.88445395657, -87.6962981368)"
154,Southport Ave & Belmont Ave,Southport Ave & Belmont Ave,15,15,In Service,41.93949,-87.66378,"(41.93949, -87.66378)"
303,Broadway & Cornelia Ave,Broadway & Cornelia Ave,23,23,In Service,41.945529,-87.646439,"(41.945529, -87.646439)"
169,Canal St & Harrison St,Canal St & Harrison St,15,15,In Service,41.874255,-87.639573,"(41.874255, -87.639573)"
165,Clark St & Grace St,Clark St & Grace St,19,19,In Service,41.95078,-87.659172,"(41.95078, -87.659172)"
159,Claremont Ave & Hirsch St,1451 N Claremont Ave,11,11,In Service,41.907781,-87.685854,"(41.907781, -87.685854)"
259,California Ave & Francis Pl,California Ave & Francis Pl,15,15,In Service,41.918121,-87.696972,"(41.918121, -87.696972)"
264,Stetson Ave & South Water St,Stetson Ave & South Water St,19,18,In Service,41.886835,-87.62232,"(41.886835, -87.62232)"
240,Sheridan Rd & Irving Park Rd,Sheridan Rd & Irving Park Rd,27,26,In Service,41.954245,-87.654406,"(41.954245, -87.654406)"
216,California Ave & Division St,California Ave & Division St,15,15,In Service,41.903029,-87.697474,"(41.903029, -87.697474)"
524,Austin Blvd & Chicago Ave,Austin Blvd & Chicago Ave,11,11,In Service,41.894887,-87.774704,"(41.894887, -87.774704)"
33,State St & Van Buren St,360 S State St,27,27,In Service,41.877181,-87.627844,"(41.877181, -87.627844)"
314,Ravenswood Ave & Berteau Ave,Ravenswood Ave & Berteau Ave,15,15,In Service,41.957921,-87.673567,"(41.957921, -87.673567)"
348,California Ave & 21st St,California Ave & 21st St,15,15,In Service,41.854016,-87.695445,"(41.854016, -87.695445)"
501,Richmond St & Diversey Ave,Richmond St & Diversey Ave,15,15,In Service,41.931901969,-87.70119513,"(41.93190196886, -87.7011951301)"
489,Drake Ave & Addison St,Central Park Ave & Addison St,15,15,In Service,41.947326,-87.717582,"(41.947326, -87.717582)"
51,Clark St & Randolph St,120 W. Randolph St.,39,39,In Service,41.884576228,-87.63188991,"(41.884576228, -87.63188991)"
400,Cottage Grove Ave & 71st St,Cottage Grove Ave & 71st St,11,11,In Service,41.765719037,-87.604959713,"(41.76571903697, -87.604959713)"
373,Kedzie Ave & Chicago Ave,Kedzie Ave & Chicago Ave,15,15,In Service,41.895465303,-87.706127884,"(41.89546530305, -87.7061278837)"
168,Michigan Ave & 14th St,Michigan Ave & 14th St,19,19,In Service,41.864059,-87.623727,"(41.864059, -87.623727)"
2,Buckingham Fountain,Buckingham Fountain,27,27,In Service,41.876393,-87.620328,"(41.876393, -87.620328)"
26,McClurg Ct & Illinois St,McClurg Ct & Illinois St,31,31,In Service,41.890359,-87.617532,"(41.890359, -87.617532)"
213,Leavitt St & North Ave,Leavitt St & North Ave,15,15,In Service,41.910153,-87.68229,"(41.910153, -87.68229)"
268,Lake Shore Dr & North Blvd,Lake Shore Dr & North Blvd,39,39,In Service,41.911722,-87.626804,"(41.911722, -87.626804)"
244,Ravenswood Ave & Irving Park Rd,Ravenswood Ave & Irving Park Rd,19,18,In Service,41.95469,-87.67393,"(41.95469, -87.67393)"
254,Pine Grove Ave & Irving Park Rd,Pine Grove Ave & Irving Park Rd,15,14,In Service,41.954383,-87.648043,"(41.954383, -87.648043)"
199,Wabash Ave & Grand Ave,Wabash Ave & Grand Ave,31,31,In Service,41.891466,-87.626761,"(41.891466, -87.626761)"
603,Chicago Ave & Sheridan Rd,Chicago Ave & Sheridan Rd,15,15,In Service,42.050491,-87.677821,"(42.050491, -87.677821)"
236,Sedgwick St & Schiller St,Sedgwick St & Schiller St,15,15,In Service,41.905664,-87.638517,"(41.905664, -87.638517)"
604,Sheridan Rd & Noyes St (NU),Sheridan Rd & Noyes St (NU),15,15,In Service,42.058239,-87.677432,"(42.058239, -87.677432)"
177,Theater on the Lake,Theater on the Lake,23,23,In Service,41.926277,-87.630834,"(41.926277, -87.630834)"
326,Clark St & Leland Ave,Clark St & Leland Ave,19,19,In Service,41.967096,-87.667429,"(41.967096, -87.667429)"
67,Sheffield Ave & Fullerton Ave,2410 N Sheffield Ave,19,18,In Service,41.925601882,-87.653708042,"(41.9256018819, -87.6537080423)"
397,Saginaw Ave & Exchange Ave,Saginaw Ave & Exchange Ave,11,11,In Service,41.758745837,-87.560114781,"(41.75874583706, -87.5601147813)"
468,Budlong Woods Library,Budlong Woods Library,15,15,In Service,41.983664709,-87.696422561,"(41.98366470886, -87.6964225611)"
34,Cannon Dr & Fullerton Ave,2432 N. Cannon Dr.,15,15,In Service,41.926755988,-87.634428785,"(41.9267559875, -87.6344287848)"
80,Aberdeen St & Monroe St,Aberdeen St & Monroe St,19,19,In Service,41.880419,-87.655519,"(41.880419, -87.655519)"
294,Broadway & Berwyn Ave,Broadway & Berwyn Ave,15,14,In Service,41.978353,-87.659753,"(41.978353, -87.659753)"
322,Kimbark Ave & 53rd St,Kimbark Ave & 53rd St,19,19,In Service,41.799568,-87.594747,"(41.799568, -87.594747)"
54,Ogden Ave & Chicago Ave,1040 W. Chicago Ave.,19,19,In Service,41.896362458,-87.654061273,"(41.896362458, -87.6540612729)"
304,Broadway & Waveland Ave,Broadway & Waveland Ave,15,15,In Service,41.949074,-87.648636,"(41.949074, -87.648636)"
296,Broadway & Belmont Ave,Broadway & Belmont Ave,19,19,In Service,41.940106,-87.645451,"(41.940106, -87.645451)"
249,Montrose Harbor,Montrose Harbor,31,31,In Service,41.963982,-87.638181,"(41.963982, -87.638181)"
298,Lincoln Ave & Belle Plaine Ave,Lincoln Ave & Belle Plaine Ave,15,15,In Service,41.955927,-87.679259,"(41.955927, -87.679259)"
313,Lakeview Ave & Fullerton Pkwy,Lakeview Ave & Fullerton Pkwy,19,19,In Service,41.925858,-87.638973,"(41.925858, -87.638973)"
123,California Ave & Milwaukee Ave,California Ave & Milwaukee Ave,15,15,In Service,41.922695,-87.697153,"(41.922695, -87.697153)"
275,Ashland Ave & 13th St,Ashland Ave & 13th St,15,15,In Service,41.865234,-87.666507,"(41.865234, -87.666507)"
220,Broadway (Hampden Ct) & Diversey Pkwy,Broadway (Hampden Ct) & Diversey Pkwy,23,23,In Service,41.932913,-87.644531,"(41.932913, -87.644531)"
161,Rush St & Superior St,Rush St & Superior St,23,22,In Service,41.895764746,-87.625908033,"(41.89576474564, -87.6259080327)"
195,Columbus Dr & Randolph St,Columbus Dr & Randolph St,47,47,In Service,41.884728,-87.619521,"(41.884728, -87.619521)"
287,Franklin St & Monroe St,Franklin St & Monroe St,27,27,In Service,41.880317,-87.635185,"(41.880317, -87.635185)"
196,Cityfront Plaza Dr & Pioneer Ct,Cityfront Plaza Dr & Pioneer Ct,23,23,In Service,41.890573,-87.622072,"(41.890573, -87.622072)"
24,Fairbanks Ct & Grand Ave,240 E.Grand Ave.,15,15,In Service,41.89186,-87.62062,"(41.89186, -87.62062)"
408,Union Ave & Root St,Union Ave & Root St,11,11,In Service,41.819102,-87.643278,"(41.819102, -87.643278)"
474,Christiana Ave & Lawrence Ave,Christiana Ave & Lawrence Ave,15,15,In Service,41.968354494,-87.711830667,"(41.96835449363, -87.7118306675)"
4,Burnham Harbor,Burnham Harbor,23,23,In Service,41.856268,-87.613348,"(41.856268, -87.613348)"
347,Ashland Ave & Grace St,Ashland Ave & Grace St,15,15,In Service,41.950687,-87.6687,"(41.950687, -87.6687)"
338,Calumet Ave & 18th St,Calumet Ave & 18th St,15,15,In Service,41.857611,-87.619407,"(41.857611, -87.619407)"
329,Lake Shore Dr & Diversey Pkwy,Lake Shore Dr & Diversey Pkwy,15,15,In Service,41.932684,-87.63625,"(41.932684, -87.63625)"
35,Streeter Dr & Grand Ave,Navy Pier,47,47,In Service,41.892278,-87.612043,"(41.892278, -87.612043)"
56,Desplaines St & Kinzie St,368 N. Desplaines St.,27,27,In Service,41.888716036,-87.644447853,"(41.888716036, -87.6444478533)"
359,Larrabee St & Division St,Larrabee St & Division St,23,22,In Service,41.90348607,-87.643353494,"(41.90348607004, -87.6433534936)"
364,Larrabee St & Oak St,Larrabee St & Oak St,19,19,In Service,41.900219493,-87.642985468,"(41.90021949323, -87.6429854676)"
47,State St & Kinzie St,5 E Kinzie St,31,31,In Service,41.889187,-87.627754,"(41.889187, -87.627754)"
49,Dearborn St & Monroe St,80 S Dearborn St,39,39,In Service,41.881319815,-87.629520919,"(41.881319815, -87.6295209193)"
394,Clark St & 9th St (AMLI),Clark St & 9th St (AMLI),15,10,In Service,41.870816,-87.631246,"(41.870816, -87.631246)"
86,Eckhart Park,811 N Noble St,19,18,In Service,41.89637337,-87.66098386,"(41.89637337, -87.66098386)"
